{
    "loss": 0.7490653991699219,
    "accuracy": 0.8879310488700867
}