{
    "loss": 1.3067561388015747,
    "accuracy": 0.8362069129943848
}